from,to,status
/products/xsto-m4,/products/xsto-m4,301
/products/xsto-m4-pro,/products/xsto-m4-pro,301
/products/xsto-m4b,/products/xsto-m4b,301
/products/xsto-x12,/products/xsto-x12,301
/products/xsto-x12-pro,/products/xsto-x12-pro,301
/collections/all,/collections/all,301
/collections/mobility-scooters,/collections/all,301
/pages/stockists,/stockists,301
/pages/dealers,/stockists,301
/pages/faq,/faq,301
/pages/warranty,/warranty,301
/pages/returns,/returns,301
/pages/privacy,/privacy,301
/pages/terms,/terms,301
/pages/about,/about,301
/pages/contact,/contact,301
/pages/distributor-disclaimer,/distributor-disclaimer,301
/blogs/news,/blog,301
/account,/account,301
/track-order,/account,301
/videos,/videos,301
/demo,/demo,301
/quote,/quote,301